fold,auc_score
1,0.8183287976164907
2,0.8171405047673326
3,0.8232983625757633
4,0.8237148323046233
5,0.8167539058241644
