iter	Logloss
0	0.6454630414
1	0.6004771723
2	0.5595245077
3	0.5215766981
4	0.4876135438
5	0.4571517676
6	0.4295757028
7	0.4035839417
8	0.3799338302
9	0.358013063
10	0.3389765931
11	0.3214790664
12	0.3054274137
13	0.2906001288
14	0.2778553127
15	0.2655108154
16	0.254114986
17	0.2445868135
18	0.2353951593
